id,prec,year,unc_m,hab,hab_why,hab_frac,era,age_new,est_year,cut,forest_frac
6498547472,tarkka,2026,84,ennallaan,tuore_havainto,1.0,2023,40,1983,0,1.0
6498661350,tuntematon,2026,,ei_tietoa,liian_epatarkka,,,,,,
6534665505,tarkka,2026,10,ennallaan,tuore_havainto,1.0,2023,88,1935,0,1.0
6534687626,tarkka,2026,10,ulkopuolella,ei_metsatalousmaata,0.56,2023,55,1968,0,0.44
6534692366,tarkka,2026,1,ennallaan,tuore_havainto,0.89,2023,72,1951,0,0.89
5760866864,tarkka,2025,9,ennallaan,tuore_havainto,1.0,2023,92,1931,0,1.0
5867901307,tuntematon,2025,,ei_tietoa,liian_epatarkka,,,,,,
5888911706,summittainen,2025,1000,ennallaan,tuore_havainto,0.67,2023,119,1904,0,0.67
5892121656,summittainen,2025,1000,ennallaan,tuore_havainto,1.0,2023,174,1849,0,1.0
5898726671,summittainen,2025,1000,ennallaan,tuore_havainto,1.0,2023,190,1833,0,1.0
5762416521,alueellinen,2025,10000,ei_tietoa,liian_epatarkka,,,,,,
5830700863,tarkka,2025,6,ennallaan,tuore_havainto,1.0,2023,198,1825,0,1.0
5844788659,tarkka,2025,250,ennallaan,tuore_havainto,1.0,2023,90,1933,0,1.0
5844793621,tarkka,2025,250,ennallaan,tuore_havainto,1.0,2023,90,1933,0,1.0
5844797852,tarkka,2025,250,ennallaan,tuore_havainto,1.0,2023,90,1933,0,1.0
6133405962,tuntematon,2025,,ei_tietoa,liian_epatarkka,,,,,,
6499727194,alueellinen,2025,2293,ei_tietoa,liian_epatarkka,,,,,,
6519635386,tarkka,2025,25,ennallaan,tuore_havainto,1.0,2023,184,1839,0,1.0
4925234382,tarkka,2024,1,ennallaan,tuore_havainto,1.0,2023,30,1993,0,1.0
4927217726,tarkka,2024,1,epavarma,osa_alueesta_hakattu,0.33,2023,81,1942,2,1.0
4929449643,tarkka,2024,1,ennallaan,tuore_havainto,1.0,2023,68,1955,0,1.0
4979541032,tarkka,2024,100,ennallaan,tuore_havainto,1.0,2023,98,1925,0,1.0
4929450281,tarkka,2024,1,ennallaan,tuore_havainto,1.0,2023,79,1944,0,1.0
4938773872,tarkka,2024,1,ennallaan,tuore_havainto,1.0,2023,84,1939,0,1.0
4939429523,tarkka,2024,1,ennallaan,tuore_havainto,0.89,2023,73,1950,0,0.89
4979541595,tarkka,2024,1,ennallaan,tuore_havainto,1.0,2023,71,1952,0,1.0
4979544599,summittainen,2024,1000,ulkopuolella,ei_metsatalousmaata,0.89,2023,80,1943,0,0.11
4169789348,alueellinen,2023,25000,ei_tietoa,liian_epatarkka,,,,,,
4176990070,tarkka,2023,31,ennallaan,tuore_havainto,1.0,2023,50,1973,0,1.0
4403547350,tarkka,2023,100,ennallaan,tuore_havainto,1.0,2023,45,1978,0,1.0
4403473055,summittainen,2023,1000,epavarma,osa_alueesta_hakattu,0.22,2023,74,1949,2,1.0
4406204622,summittainen,2023,1000,ennallaan,tuore_havainto,0.67,2023,98,1925,0,0.67
4412461436,tarkka,2023,100,ennallaan,tuore_havainto,0.56,2023,72,1951,1,1.0
4412691435,tarkka,2023,1,ennallaan,tuore_havainto,1.0,2023,60,1963,0,1.0
4418547819,tarkka,2023,1,ennallaan,tuore_havainto,0.78,2023,53,1970,0,0.78
4604652320,summittainen,2023,1000,epavarma,osa_alueesta_hakattu,0.22,2023,51,1972,2,1.0
4858923525,summittainen,2023,1000,ennallaan,tuore_havainto,0.89,2023,94,1929,0,0.89
6194034300,tarkka,2023,1,ennallaan,tuore_havainto,1.0,2023,77,1946,0,1.0
6194038551,tarkka,2023,1,ennallaan,tuore_havainto,1.0,2023,90,1933,0,1.0
6500091939,tarkka,2023,203,ulkopuolella,ei_metsatalousmaata,0.56,2023,52,1971,0,0.44
4421727536,summittainen,2023,1000,ennallaan,tuore_havainto,0.78,2023,95,1928,0,0.78
4846505304,summittainen,2023,1000,ennallaan,tuore_havainto,0.89,2023,49,1974,1,1.0
3892777484,alueellinen,2022,100000,ei_tietoa,liian_epatarkka,,,,,,
3899685966,tarkka,2022,1,ennallaan,tuore_havainto,1.0,2021,118,1905,0,1.0
3899686038,tarkka,2022,100,ennallaan,tuore_havainto,0.67,2021,101,1922,0,0.67
3902036211,tarkka,2022,227,ennallaan,tuore_havainto,1.0,2021,59,1964,0,1.0
3962798523,tarkka,2022,1,ennallaan,tuore_havainto,1.0,2021,87,1936,0,1.0
4879692628,tarkka,2022,1,ennallaan,tuore_havainto,1.0,2021,218,1805,0,1.0
4879695019,tarkka,2022,1,ennallaan,tuore_havainto,1.0,2021,161,1862,0,1.0
4879695746,tarkka,2022,1,ennallaan,tuore_havainto,1.0,2021,189,1834,0,1.0
4879696073,tarkka,2022,1,ennallaan,tuore_havainto,1.0,2021,143,1880,0,1.0
4879698727,tarkka,2022,1,ennallaan,tuore_havainto,1.0,2021,208,1815,0,1.0
4879699376,tarkka,2022,1,ennallaan,tuore_havainto,1.0,2021,192,1831,0,1.0
4879704230,tarkka,2022,1,ennallaan,tuore_havainto,1.0,2021,163,1860,0,1.0
4879707291,tarkka,2022,1,ennallaan,tuore_havainto,1.0,2021,123,1900,0,1.0
3901266301,tarkka,2022,1,ennallaan,tuore_havainto,1.0,2021,133,1890,0,1.0
3901266349,tarkka,2022,1,ennallaan,tuore_havainto,1.0,2021,202,1821,0,1.0
3901266393,tarkka,2022,1,ennallaan,tuore_havainto,1.0,2021,165,1858,0,1.0
3901266455,tarkka,2022,1,ennallaan,tuore_havainto,1.0,2021,163,1860,0,1.0
3901266459,tarkka,2022,1,ennallaan,tuore_havainto,1.0,2021,214,1809,0,1.0
3901266460,tarkka,2022,1,ennallaan,tuore_havainto,1.0,2021,212,1811,0,1.0
3908238349,tarkka,2022,1,ennallaan,tuore_havainto,1.0,2021,212,1811,0,1.0
3910013327,alueellinen,2022,100000,ei_tietoa,liian_epatarkka,,,,,,
3913109541,tarkka,2022,1,ennallaan,tuore_havainto,1.0,2021,182,1841,0,1.0
3441151134,tarkka,2021,1,ulkopuolella,ei_metsatalousmaata,0.67,2021,62,1961,0,0.33
3441176697,alueellinen,2021,25000,ei_tietoa,liian_epatarkka,,,,,,
3441199263,summittainen,2021,1000,ennallaan,tuore_havainto,1.0,2021,67,1956,0,1.0
3441206649,tarkka,2021,1,ennallaan,tuore_havainto,1.0,2021,102,1921,0,1.0
3453909039,alueellinen,2021,50000,ei_tietoa,liian_epatarkka,,,,,,
3453911603,alueellinen,2021,100000,ei_tietoa,liian_epatarkka,,,,,,
5062887890,alueellinen,2021,16076,ei_tietoa,liian_epatarkka,,,,,,
6498956498,tarkka,2021,3,ennallaan,tuore_havainto,1.0,2021,51,1972,0,1.0
3441131063,tarkka,2021,1,ennallaan,tuore_havainto,1.0,2021,93,1930,0,1.0
3441143299,alueellinen,2021,10000,ei_tietoa,liian_epatarkka,,,,,,
3441145512,summittainen,2021,1000,ennallaan,tuore_havainto,1.0,2021,67,1956,0,1.0
3441208240,tarkka,2021,1,ennallaan,tuore_havainto,0.67,2021,143,1880,0,0.67
3453927968,alueellinen,2021,50000,ei_tietoa,liian_epatarkka,,,,,,
3441171979,alueellinen,2020,25000,ei_tietoa,liian_epatarkka,,,,,,
2860183838,alueellinen,2020,24410,ei_tietoa,liian_epatarkka,,,,,,
3441128614,tarkka,2020,1,ennallaan,ei_muutosta,0.67,2019,82,1941,0,1.0
3441142287,tarkka,2020,1,ennallaan,ei_muutosta,1.0,2019,61,1962,0,1.0
3441144003,summittainen,2020,1000,muuttunut,hakattu,0.44,2019,49,1974,2,1.0
3441152502,alueellinen,2020,10000,ei_tietoa,liian_epatarkka,,,,,,
3441158876,alueellinen,2020,25000,ei_tietoa,liian_epatarkka,,,,,,
3441170911,summittainen,2020,1000,epavarma,osa_alueesta_muuttunut,0.22,2019,58,1965,2,0.89
3441172274,summittainen,2020,1000,ennallaan,ei_muutosta,0.78,2019,70,1953,0,0.89
3441180556,tarkka,2020,1,ennallaan,ei_muutosta,0.75,2019,107,1916,0,0.67
3441183347,alueellinen,2020,5000,ei_tietoa,liian_epatarkka,,,,,,
3441183733,summittainen,2020,1000,epavarma,osa_alueesta_hakattu,0.22,2019,89,1934,2,1.0
3441198580,summittainen,2020,1000,ulkopuolella,ei_metsatalousmaata,0.44,2019,104,1919,0,0.56
3441204190,summittainen,2020,1000,ennallaan,ei_muutosta,0.67,2019,74,1949,0,0.78
3441216976,tarkka,2020,1,epavarma,kasvupaikkatieto_muuttunut,0.56,2019,104,1919,0,1.0
3448000052,summittainen,2020,1000,epavarma,osa_alueesta_hakattu,0.11,2019,60,1963,2,1.0
3448441499,summittainen,2020,1000,epavarma,osa_alueesta_hakattu,0.11,2019,78,1945,2,0.78
3448477984,summittainen,2020,1000,epavarma,osa_alueesta_hakattu,0.11,2019,59,1964,2,0.78
3453898277,alueellinen,2020,100000,ei_tietoa,liian_epatarkka,,,,,,
3453909699,tarkka,2020,1,ennallaan,ei_muutosta,0.78,2019,47,1976,0,0.89
5069872465,summittainen,2020,253,ennallaan,ei_muutosta,0.78,2019,126,1897,0,0.78
2864769344,tuntematon,2020,,ei_tietoa,liian_epatarkka,,,,,,
3441136525,tarkka,2020,1,ennallaan,ei_muutosta,0.56,2019,83,1940,0,0.56
3441167251,summittainen,2020,1000,epavarma,osa_alueesta_hakattu,0.11,2019,39,1984,2,0.89
3441175695,tarkka,2020,1,ennallaan,ei_muutosta,1.0,2019,88,1935,0,1.0
3441179198,tarkka,2020,1,ennallaan,ei_muutosta,1.0,2019,68,1955,0,1.0
3441207199,tarkka,2020,1,ennallaan,ei_muutosta,1.0,2019,148,1875,0,1.0
3441213351,tarkka,2020,1,ennallaan,ei_muutosta,0.89,2019,56,1967,0,0.89
3441214949,tarkka,2020,1,ennallaan,ei_muutosta,1.0,2019,110,1913,0,1.0
3448990896,summittainen,2020,1000,epavarma,osa_alueesta_hakattu,0.11,2019,37,1986,2,0.56
3441163071,summittainen,2019,1000,epavarma,osa_alueesta_hakattu,0.11,2019,91,1932,2,0.78
3441171144,tarkka,2019,1,ennallaan,ei_muutosta,0.56,2019,69,1954,0,0.56
3441199850,tarkka,2019,1,ennallaan,ei_muutosta,0.56,2019,46,1977,0,0.56
3447948430,summittainen,2019,1000,epavarma,osa_alueesta_muuttunut,0.11,2019,55,1968,0,1.0
3448703265,alueellinen,2019,10000,ei_tietoa,liian_epatarkka,,,,,,
3441162546,tarkka,2019,1,ennallaan,ei_muutosta,0.78,2019,73,1950,0,1.0
3441128826,alueellinen,2018,25000,ei_tietoa,liian_epatarkka,,,,,,
3441134655,alueellinen,2018,10000,ei_tietoa,liian_epatarkka,,,,,,
3441160823,summittainen,2018,1000,ennallaan,ei_muutosta,0.89,2017,151,1872,0,0.89
3441164367,summittainen,2018,1000,ennallaan,ei_muutosta,0.67,2017,131,1892,0,1.0
3441164429,summittainen,2018,1000,ennallaan,ei_muutosta,0.78,2017,145,1878,0,0.78
3441168416,alueellinen,2018,50000,ei_tietoa,liian_epatarkka,,,,,,
3441186530,alueellinen,2018,10000,ei_tietoa,liian_epatarkka,,,,,,
3441194525,summittainen,2018,1000,ennallaan,ei_muutosta,0.67,2017,142,1881,0,0.78
3441205285,summittainen,2018,1000,ulkopuolella,ei_metsatalousmaata,0.56,2017,94,1929,0,0.44
3441211462,summittainen,2018,1000,epavarma,osa_alueesta_muuttunut,0.11,2017,166,1857,0,0.89
3447898290,tarkka,2018,100,epavarma,osa_alueesta_hakattu,0.38,2017,16,2007,2,1.0
3441134000,summittainen,2018,1000,epavarma,osa_alueesta_hakattu,0.11,2017,79,1944,2,0.78
3441149178,alueellinen,2018,100000,ei_tietoa,liian_epatarkka,,,,,,
3441161483,alueellinen,2018,10000,ei_tietoa,liian_epatarkka,,,,,,
3441161990,alueellinen,2018,10000,ei_tietoa,liian_epatarkka,,,,,,
3441176316,alueellinen,2018,10000,ei_tietoa,liian_epatarkka,,,,,,
3441193044,alueellinen,2018,25000,ei_tietoa,liian_epatarkka,,,,,,
4877408939,tarkka,2018,1,ennallaan,ei_muutosta,0.89,2017,90,1933,0,0.89
3441159119,summittainen,2018,1000,epavarma,osa_alueesta_hakattu,0.22,2017,50,1973,2,0.78
3441128052,summittainen,2018,1000,ennallaan,ei_muutosta,0.89,2017,142,1881,0,0.89
3441127256,tarkka,2017,1,ennallaan,ei_muutosta,0.89,2017,78,1945,0,1.0
3441157693,summittainen,2017,1000,ennallaan,ei_muutosta,0.67,2017,80,1943,0,0.67
3441163214,tarkka,2017,1,ennallaan,ei_muutosta,1.0,2017,85,1938,0,1.0
3441186569,alueellinen,2017,10000,ei_tietoa,liian_epatarkka,,,,,,
3441208067,alueellinen,2017,5000,ei_tietoa,liian_epatarkka,,,,,,
3441211782,summittainen,2017,1000,ulkopuolella,ei_metsatalousmaata,0.44,2017,77,1946,0,0.56
3453913643,alueellinen,2017,50000,ei_tietoa,liian_epatarkka,,,,,,
3441144618,alueellinen,2017,10000,ei_tietoa,liian_epatarkka,,,,,,
3441196439,alueellinen,2017,50000,ei_tietoa,liian_epatarkka,,,,,,
3441207393,alueellinen,2017,10000,ei_tietoa,liian_epatarkka,,,,,,
2992789735,tarkka,2016,61,ennallaan,ei_muutosta,0.67,2015,97,1926,0,0.67
3435181491,tarkka,2016,100,ennallaan,ei_muutosta,1.0,2015,89,1934,0,1.0
3441127805,summittainen,2016,1000,epavarma,osa_alueesta_hakattu,0.12,2015,91,1932,2,0.89
3441162279,summittainen,2016,1000,ennallaan,ei_muutosta,0.5,2015,104,1919,0,0.56
3453917841,tarkka,2016,1,ennallaan,ei_muutosta,0.89,2015,77,1946,0,0.89
4023267989,summittainen,2016,1000,muuttunut,hakattu,0.44,2015,47,1976,2,1.0
4023271757,summittainen,2016,1000,epavarma,osa_alueesta_hakattu,0.22,2015,73,1950,2,1.0
4023271747,summittainen,2016,1000,ulkopuolella,ei_metsatalousmaata,0.56,2015,61,1962,0,0.44
4879706124,tarkka,2016,1,ennallaan,ei_muutosta,1.0,2015,182,1841,0,1.0
3916458979,tuntematon,2016,,ei_tietoa,liian_epatarkka,,,,,,
3916459116,tuntematon,2016,,ei_tietoa,liian_epatarkka,,,,,,
3916507394,tuntematon,2016,,ei_tietoa,liian_epatarkka,,,,,,
3916507427,tuntematon,2016,,ei_tietoa,liian_epatarkka,,,,,,
3917164035,tuntematon,2016,,ei_tietoa,liian_epatarkka,,,,,,
3917164219,tuntematon,2016,,ei_tietoa,liian_epatarkka,,,,,,
3917164252,tuntematon,2016,,ei_tietoa,liian_epatarkka,,,,,,
3441198516,alueellinen,2015,25000,ei_tietoa,liian_epatarkka,,,,,,
3713386330,alueellinen,2015,100000,ei_tietoa,liian_epatarkka,,,,,,
3441199985,tarkka,2014,100,ennallaan,ei_muutosta,0.89,2013,128,1895,0,1.0
4876954302,tarkka,2014,1,ennallaan,ei_muutosta,0.89,2013,105,1918,0,1.0
4898625077,tarkka,2014,1,muuttunut,hakattu,0.89,2013,62,1961,2,1.0
4898625084,tarkka,2014,1,ennallaan,ei_muutosta,1.0,2013,71,1952,0,1.0
4898631403,tarkka,2014,1,ennallaan,ei_muutosta,1.0,2013,86,1937,0,1.0
4898814369,tarkka,2014,1,ennallaan,ei_muutosta,1.0,2013,87,1936,0,1.0
4898814404,tarkka,2014,1,muuttunut,hakattu,0.44,2013,59,1964,2,0.78
4898814411,tarkka,2014,1,muuttunut,hakattu,0.78,2013,16,2007,2,1.0
4898994278,tarkka,2014,1,muuttunut,hakattu,1.0,2013,3,2020,2,1.0
3441199789,tarkka,2014,100,ennallaan,ei_muutosta,1.0,2013,76,1947,0,1.0
3441199794,tarkka,2014,100,ennallaan,ei_muutosta,1.0,2013,70,1953,0,1.0
4898625249,tarkka,2014,1,ennallaan,ei_muutosta,0.78,2013,103,1920,0,1.0
4898631415,tarkka,2014,1,ennallaan,ei_muutosta,0.56,2013,104,1919,0,0.78
4898631424,tarkka,2014,1,ennallaan,ei_muutosta,0.89,2013,90,1933,0,1.0
4898631528,tarkka,2014,1,ennallaan,ei_muutosta,1.0,2013,94,1929,0,1.0
4898814436,tarkka,2014,1,ennallaan,ei_muutosta,0.89,2013,86,1937,0,1.0
4899007621,tarkka,2014,1,ennallaan,ei_muutosta,0.89,2013,122,1901,0,1.0
3441197821,tarkka,2013,100,ennallaan,ei_muutosta,0.67,2013,124,1899,0,0.67
3441212686,summittainen,2013,1000,ennallaan,ei_muutosta,0.67,2013,104,1919,0,0.67
4023277137,summittainen,2013,1000,ulkopuolella,ei_metsatalousmaata,0.56,2013,85,1938,0,0.44
3441207916,tarkka,2012,1,ennallaan,ei_muutosta,0.71,2011,86,1937,0,0.56
3441177226,summittainen,2011,1000,ennallaan,ei_muutosta,0.6,2011,84,1939,0,0.44
3441155897,summittainen,2010,1000,ennallaan,ei_muutosta,1.0,2009,96,1927,0,1.0
3441183877,tarkka,2010,100,ennallaan,ei_muutosta,1.0,2009,104,1919,0,1.0
773223834,tuntematon,2009,,ei_tietoa,liian_epatarkka,,,,,,
3713368346,summittainen,2009,1000,ennallaan,ei_muutosta,0.86,2009,150,1873,0,1.0
4876989999,tarkka,2009,100,ennallaan,ei_muutosta,0.67,2009,171,1852,0,0.78
773223803,tuntematon,2007,,ei_tietoa,liian_epatarkka,,,,,,
773223833,tuntematon,2007,,ei_tietoa,liian_epatarkka,,,,,,
3448708900,summittainen,2007,1000,ulkopuolella,ei_metsatalousmaata,0.78,2009,56,1967,0,0.22
4898718570,tarkka,2007,1,ennallaan,ei_muutosta,0.67,2009,142,1881,0,1.0
4898893703,tarkka,2007,1,ennallaan,ei_muutosta,1.0,2009,107,1916,0,1.0
5013659177,tarkka,2007,250,epavarma,osa_alueesta_muuttunut,0.11,2009,75,1948,0,1.0
5028220398,tarkka,2007,250,ennallaan,ei_muutosta,0.67,2009,137,1886,0,1.0
4023270478,summittainen,2007,1000,ennallaan,ei_muutosta,0.89,2009,94,1929,0,0.89
4023266675,summittainen,2005,1000,epavarma,osa_alueesta_muuttunut,0.11,2009,109,1914,0,1.0
4023268484,summittainen,2005,1000,epavarma,kasvupaikkatieto_muuttunut,0.5,2009,98,1925,0,1.0
3441153630,summittainen,2004,1000,ennallaan,ei_muutosta,0.44,2009,36,1987,1,0.67
4023294561,summittainen,2004,1000,epavarma,osa_alueesta_hakattu,0.11,2009,63,1960,2,1.0
4023297572,summittainen,2004,1000,ulkopuolella,ei_metsatalousmaata,0.67,2009,83,1940,0,0.33
3713367779,summittainen,2003,1000,epavarma,osa_alueesta_hakattu,0.25,2009,68,1955,2,0.78
773223831,tuntematon,2003,,ei_tietoa,liian_epatarkka,,,,,,
773223832,tuntematon,2003,,ei_tietoa,liian_epatarkka,,,,,,
4023268630,tarkka,2002,100,epavarma,osa_alueesta_muuttunut,0.17,2009,85,1938,0,0.78
5908520608,tarkka,2001,100,muuttunut,hakattu,0.5,2009,49,1974,2,0.78
4023266742,tarkka,2001,100,ennallaan,ei_muutosta,1.0,2009,94,1929,0,1.0
4023273542,tarkka,2001,100,ennallaan,ei_muutosta,1.0,2009,94,1929,0,1.0
4023283766,summittainen,2001,1000,ulkopuolella,ei_metsatalousmaata,0.89,2009,109,1914,0,0.11
4876661266,tarkka,2001,10,ennallaan,ei_muutosta,0.67,2009,83,1940,0,1.0
4911675798,tarkka,2000,100,muuttunut,hakattu,0.38,2009,68,1955,2,0.78
3713373629,summittainen,2000,1000,epavarma,osa_alueesta_hakattu,0.25,2009,49,1974,2,0.67
773223827,tuntematon,1998,,ei_tietoa,liian_epatarkka,,,,,,
773223828,tuntematon,1998,,ei_tietoa,liian_epatarkka,,,,,,
4023266747,alueellinen,1998,10000,ei_tietoa,liian_epatarkka,,,,,,
4023284357,summittainen,1998,1000,epavarma,osa_alueesta_hakattu,0.11,2009,48,1975,2,0.33
4023284369,summittainen,1998,1000,ulkopuolella,ei_metsatalousmaata,0.62,2009,47,1976,0,0.33
4023295253,tuntematon,1998,,ei_tietoa,liian_epatarkka,,,,,,
57674207,summittainen,1998,707,epavarma,osa_alueesta_hakattu,0.22,2009,66,1957,2,1.0
773223829,tuntematon,1998,,ei_tietoa,liian_epatarkka,,,,,,
773223830,tuntematon,1998,,ei_tietoa,liian_epatarkka,,,,,,
3713204540,alueellinen,1998,50000,ei_tietoa,liian_epatarkka,,,,,,
3713373589,summittainen,1998,1000,epavarma,osa_alueesta_hakattu,0.12,2009,70,1953,2,0.89
4023284385,alueellinen,1998,100000,ei_tietoa,liian_epatarkka,,,,,,
216096213,summittainen,1997,707,ennallaan,ei_muutosta,0.78,2009,82,1941,0,1.0
3713359391,summittainen,1997,1000,epavarma,osa_alueesta_muuttunut,0.11,2009,108,1915,0,0.89
773223824,tuntematon,1997,,ei_tietoa,liian_epatarkka,,,,,,
3713359419,summittainen,1997,1000,epavarma,osa_alueesta_hakattu,0.11,2009,63,1960,2,1.0
3713373517,tarkka,1997,100,muuttunut,hakattu,0.78,2009,17,2006,2,0.89
4023266678,summittainen,1997,1000,epavarma,osa_alueesta_hakattu,0.11,2009,63,1960,2,1.0
773223825,tuntematon,1997,,ei_tietoa,liian_epatarkka,,,,,,
773223826,tuntematon,1997,,ei_tietoa,liian_epatarkka,,,,,,
4023266740,summittainen,1996,1000,ennallaan,ei_muutosta,0.62,2009,85,1938,0,0.67
3713373639,tarkka,1994,100,muuttunut,hakattu,0.62,2009,14,2009,2,0.89
3713359386,summittainen,1994,1000,ennallaan,ei_muutosta,0.44,2009,47,1976,0,0.78
3713359677,summittainen,1994,1000,epavarma,osa_alueesta_muuttunut,0.12,2009,65,1958,0,0.67
4023284358,summittainen,1994,1000,epavarma,osa_alueesta_hakattu,0.11,2009,62,1961,2,1.0
773223823,tuntematon,1994,,ei_tietoa,liian_epatarkka,,,,,,
3713373547,alueellinen,1993,10000,ei_tietoa,liian_epatarkka,,,,,,
3713359680,summittainen,1993,1000,epavarma,osa_alueesta_muuttunut,0.11,2009,129,1894,0,0.89
4023283677,summittainen,1993,1000,ennallaan,ei_muutosta,0.67,2009,96,1927,0,1.0
4023284349,alueellinen,1993,10000,ei_tietoa,liian_epatarkka,,,,,,
4023284380,summittainen,1993,1000,ulkopuolella,ei_metsatalousmaata,0.89,2009,93,1930,0,0.11
773223820,tuntematon,1993,,ei_tietoa,liian_epatarkka,,,,,,
773223821,tuntematon,1993,,ei_tietoa,liian_epatarkka,,,,,,
773223822,tuntematon,1993,,ei_tietoa,liian_epatarkka,,,,,,
773223819,tuntematon,1992,,ei_tietoa,liian_epatarkka,,,,,,
4023266450,alueellinen,1992,10000,ei_tietoa,liian_epatarkka,,,,,,
4023266838,summittainen,1992,1000,epavarma,osa_alueesta_hakattu,0.22,2009,72,1951,2,0.67
4023283608,summittainen,1992,1000,epavarma,osa_alueesta_muuttunut,0.12,2009,26,1997,0,0.56
4023292392,summittainen,1992,1000,muuttunut,hakattu,0.44,2009,61,1962,2,0.78
773223813,tuntematon,1991,,ei_tietoa,liian_epatarkka,,,,,,
773223814,tuntematon,1991,,ei_tietoa,liian_epatarkka,,,,,,
773223816,tuntematon,1991,,ei_tietoa,liian_epatarkka,,,,,,
773223817,tuntematon,1991,,ei_tietoa,liian_epatarkka,,,,,,
773223815,tuntematon,1991,,ei_tietoa,liian_epatarkka,,,,,,
3713202838,alueellinen,1991,10000,ei_tietoa,liian_epatarkka,,,,,,
3713359379,summittainen,1991,1000,ennallaan,ei_muutosta,1.0,2009,83,1940,0,1.0
4023266725,summittainen,1990,1000,ennallaan,ei_muutosta,0.78,2009,124,1899,0,1.0
4023283612,summittainen,1990,1000,epavarma,osa_alueesta_hakattu,0.25,2009,81,1942,2,0.67
4023283616,alueellinen,1990,100000,ei_tietoa,liian_epatarkka,,,,,,
4023284221,summittainen,1990,1000,ennallaan,ei_muutosta,0.86,2009,74,1949,0,0.78
4023283768,summittainen,1989,1000,ennallaan,ei_muutosta,0.62,2009,85,1938,0,0.67
773223807,tuntematon,1988,,ei_tietoa,liian_epatarkka,,,,,,
773223818,tuntematon,1988,,ei_tietoa,liian_epatarkka,,,,,,
3713203637,summittainen,1988,1000,epavarma,osa_alueesta_muuttunut,0.11,2009,56,1967,0,0.89
3713359398,tarkka,1988,100,epavarma,osa_alueesta_muuttunut,0.22,2009,63,1960,2,0.89
3713359399,summittainen,1988,1000,ennallaan,ei_muutosta,1.0,2009,106,1917,0,1.0
3713373545,summittainen,1988,1000,muuttunut,kasvusto_havaintoa_nuorempi,0.5,2009,47,1976,2,0.89
3713373549,alueellinen,1988,10000,ei_tietoa,liian_epatarkka,,,,,,
3713373585,summittainen,1988,1000,ulkopuolella,ei_metsatalousmaata,0.89,2009,59,1964,0,0.11
4023266421,summittainen,1988,1000,ulkopuolella,ei_metsatalousmaata,0.75,2009,39,1984,0,0.33
4023266424,alueellinen,1988,100000,ei_tietoa,liian_epatarkka,,,,,,
4023266549,summittainen,1988,1000,epavarma,osa_alueesta_muuttunut,0.11,2009,80,1943,0,0.78
4023266577,summittainen,1988,1000,ennallaan,ei_muutosta,0.88,2009,119,1904,0,0.89
4023266580,summittainen,1988,1000,epavarma,osa_alueesta_muuttunut,0.11,2009,50,1973,0,0.89
4023266607,summittainen,1988,1000,ennallaan,ei_muutosta,1.0,2009,71,1952,0,1.0
4023266726,alueellinen,1988,10000,ei_tietoa,liian_epatarkka,,,,,,
4023284375,summittainen,1988,1000,epavarma,osa_alueesta_hakattu,0.22,2009,39,1984,2,1.0
773223804,tuntematon,1988,,ei_tietoa,liian_epatarkka,,,,,,
773223805,tuntematon,1988,,ei_tietoa,liian_epatarkka,,,,,,
773223806,tuntematon,1988,,ei_tietoa,liian_epatarkka,,,,,,
773223810,tuntematon,1988,,ei_tietoa,liian_epatarkka,,,,,,
773223812,tuntematon,1988,,ei_tietoa,liian_epatarkka,,,,,,
4023266572,summittainen,1988,1000,epavarma,osa_alueesta_hakattu,0.11,2009,46,1977,2,0.44
4023266695,summittainen,1988,1000,ennallaan,ei_muutosta,0.75,2009,143,1880,0,0.89
4023266697,summittainen,1988,1000,ennallaan,ei_muutosta,0.89,2009,165,1858,0,1.0
4023266705,summittainen,1988,1000,epavarma,osa_alueesta_muuttunut,0.11,2009,100,1923,0,0.56
4023266706,summittainen,1988,1000,epavarma,osa_alueesta_hakattu,0.25,2009,137,1886,2,0.56
4023266711,summittainen,1988,1000,epavarma,kasvupaikkatieto_muuttunut,0.38,2009,139,1884,0,0.67
4023266722,summittainen,1988,1000,ulkopuolella,ei_metsatalousmaata,0.5,2009,139,1884,0,0.44
4023283606,tarkka,1988,100,epavarma,osa_alueesta_hakattu,0.11,2009,103,1920,2,1.0
4023283679,summittainen,1988,1000,ulkopuolella,ei_metsatalousmaata,0.67,2009,57,1966,0,0.33
4023283828,summittainen,1988,1000,ulkopuolella,ei_metsatalousmaata,0.44,2009,73,1950,0,0.56
4023284202,summittainen,1988,1000,epavarma,kasvupaikkatieto_muuttunut,0.33,2009,90,1933,0,0.67
4023284363,alueellinen,1988,100000,ei_tietoa,liian_epatarkka,,,,,,
4023284386,summittainen,1988,1000,epavarma,osa_alueesta_hakattu,0.12,2009,48,1975,2,0.78
3713373569,summittainen,1986,1000,epavarma,osa_alueesta_hakattu,0.11,2009,76,1947,2,0.78
4023283770,alueellinen,1985,10000,ei_tietoa,liian_epatarkka,,,,,,
773223811,tuntematon,1984,,ei_tietoa,liian_epatarkka,,,,,,
3713373560,alueellinen,1984,10000,ei_tietoa,liian_epatarkka,,,,,,
4023266048,alueellinen,1984,10000,ei_tietoa,liian_epatarkka,,,,,,
4023266829,summittainen,1984,1000,ennallaan,ei_muutosta,1.0,2009,83,1940,0,1.0
4023284374,alueellinen,1984,100000,ei_tietoa,liian_epatarkka,,,,,,
3713365431,summittainen,1981,1000,ulkopuolella,ei_metsatalousmaata,0.56,2009,73,1950,0,0.44
3713385898,alueellinen,1981,100000,ei_tietoa,liian_epatarkka,,,,,,
4023266427,summittainen,1981,1000,muuttunut,hakattu,0.33,2009,55,1968,2,0.67
4023266647,summittainen,1981,1000,ennallaan,ei_muutosta,1.0,2009,83,1940,0,1.0
4023266869,summittainen,1981,1000,epavarma,osa_alueesta_muuttunut,0.22,2009,87,1936,2,1.0
3713204547,alueellinen,1981,50000,ei_tietoa,liian_epatarkka,,,,,,
3713365543,summittainen,1981,1000,ennallaan,ei_muutosta,1.0,2009,83,1940,0,1.0
4023266830,alueellinen,1981,100000,ei_tietoa,liian_epatarkka,,,,,,
4023266834,summittainen,1981,1000,muuttunut,hakattu,0.33,2009,64,1959,2,1.0
5281583333,alueellinen,1981,50000,ei_tietoa,liian_epatarkka,,,,,,
3713205145,alueellinen,1980,50000,ei_tietoa,liian_epatarkka,,,,,,
3713365502,summittainen,1979,1000,ennallaan,ei_muutosta,0.89,2009,94,1929,0,0.89
3713365518,summittainen,1979,1000,ennallaan,ei_muutosta,1.0,2009,83,1940,0,1.0
3713365535,summittainen,1979,1000,ennallaan,ei_muutosta,0.67,2009,91,1932,0,0.78
3713384176,alueellinen,1979,25000,ei_tietoa,liian_epatarkka,,,,,,
3713385892,alueellinen,1979,25000,ei_tietoa,liian_epatarkka,,,,,,
4023266603,alueellinen,1979,10000,ei_tietoa,liian_epatarkka,,,,,,
3713383429,alueellinen,1977,25000,ei_tietoa,liian_epatarkka,,,,,,
3713384158,alueellinen,1977,50000,ei_tietoa,liian_epatarkka,,,,,,
3713384164,alueellinen,1977,25000,ei_tietoa,liian_epatarkka,,,,,,
4023266643,summittainen,1977,1000,ennallaan,ei_muutosta,0.88,2009,115,1908,0,1.0
3713205081,alueellinen,1974,50000,ei_tietoa,liian_epatarkka,,,,,,
3713365407,summittainen,1974,1000,ulkopuolella,ei_metsatalousmaata,0.78,2009,80,1943,1,0.22
3713365432,summittainen,1974,1000,ulkopuolella,ei_metsatalousmaata,0.78,2009,80,1943,1,0.22
3713365514,summittainen,1974,1000,ulkopuolella,ei_metsatalousmaata,0.78,2009,80,1943,1,0.22
3713368818,summittainen,1974,1000,epavarma,osa_alueesta_muuttunut,0.33,2009,75,1948,0,0.78
3713368858,summittainen,1974,1000,ennallaan,ei_muutosta,1.0,2009,83,1940,0,1.0
3713373524,summittainen,1974,1000,muuttunut,hakattu,0.5,2009,51,1972,2,0.78
4023266614,summittainen,1974,1000,ennallaan,ei_muutosta,1.0,2009,83,1940,0,1.0
4023266648,alueellinen,1974,10000,ei_tietoa,liian_epatarkka,,,,,,
4023266673,alueellinen,1974,10000,ei_tietoa,liian_epatarkka,,,,,,
4023266864,summittainen,1974,1000,ulkopuolella,ei_metsatalousmaata,0.78,2009,80,1943,1,0.22
4023284218,alueellinen,1974,10000,ei_tietoa,liian_epatarkka,,,,,,
4023284383,alueellinen,1974,10000,ei_tietoa,liian_epatarkka,,,,,,
3713384152,alueellinen,1972,10000,ei_tietoa,liian_epatarkka,,,,,,
4023284236,summittainen,1972,1000,epavarma,osa_alueesta_hakattu,0.33,2009,39,1984,2,0.44
4023284253,summittainen,1972,1000,epavarma,osa_alueesta_hakattu,0.33,2009,39,1984,2,0.44
3713205033,alueellinen,1972,50000,ei_tietoa,liian_epatarkka,,,,,,
3713379892,alueellinen,1972,50000,ei_tietoa,liian_epatarkka,,,,,,
4023269100,alueellinen,1972,10000,ei_tietoa,liian_epatarkka,,,,,,
3713365094,alueellinen,1970,10000,ei_tietoa,liian_epatarkka,,,,,,
3713368673,summittainen,1970,1000,epavarma,osa_alueesta_muuttunut,0.12,2009,81,1942,0,0.67
3713368766,summittainen,1970,1000,ennallaan,ei_muutosta,0.44,2009,89,1934,0,0.67
3713368771,summittainen,1970,1000,ennallaan,ei_muutosta,0.44,2009,89,1934,0,0.67
3713368776,summittainen,1970,1000,muuttunut,kasvusto_havaintoa_nuorempi,0.33,2009,73,1950,2,0.67
3713368787,summittainen,1970,1000,muuttunut,kasvusto_havaintoa_nuorempi,0.44,2009,22,2001,0,0.78
3713383987,alueellinen,1970,50000,ei_tietoa,liian_epatarkka,,,,,,
3713383992,alueellinen,1970,100000,ei_tietoa,liian_epatarkka,,,,,,
4023283781,summittainen,1970,1000,epavarma,osa_alueesta_muuttunut,0.12,2009,80,1943,0,0.56
4023284231,summittainen,1970,1000,muuttunut,hakattu,0.38,2009,24,1999,2,0.78
4023284239,summittainen,1970,1000,muuttunut,hakattu,0.38,2009,24,1999,2,0.78
3713205010,alueellinen,1970,50000,ei_tietoa,liian_epatarkka,,,,,,
3713205051,alueellinen,1970,50000,ei_tietoa,liian_epatarkka,,,,,,
3713205105,alueellinen,1970,50000,ei_tietoa,liian_epatarkka,,,,,,
3713368706,summittainen,1970,1000,ulkopuolella,ei_metsatalousmaata,0.62,2009,63,1960,0,0.44
3713379924,alueellinen,1970,100000,ei_tietoa,liian_epatarkka,,,,,,
4023266611,alueellinen,1970,10000,ei_tietoa,liian_epatarkka,,,,,,
3713368784,summittainen,1967,1000,epavarma,osa_alueesta_hakattu,0.11,2009,55,1968,2,1.0
3713368755,summittainen,1967,1000,muuttunut,hakattu,0.62,2009,64,1959,2,1.0
3713368759,summittainen,1967,1000,ulkopuolella,ei_metsatalousmaata,0.43,2009,68,1955,0,0.56
3713368838,summittainen,1967,1000,epavarma,osa_alueesta_muuttunut,0.22,2009,57,1966,0,0.56
3713384171,alueellinen,1967,100000,ei_tietoa,liian_epatarkka,,,,,,
4023269102,alueellinen,1967,50000,ei_tietoa,liian_epatarkka,,,,,,
3713380870,alueellinen,1966,100000,ei_tietoa,liian_epatarkka,,,,,,
3713368748,summittainen,1966,1000,epavarma,kasvupaikkatieto_muuttunut,0.44,2009,81,1942,0,0.89
3713368821,summittainen,1966,1000,ennallaan,ei_muutosta,0.67,2009,91,1932,0,0.78
3713378359,alueellinen,1963,100000,ei_tietoa,liian_epatarkka,,,,,,
3713383430,alueellinen,1963,100000,ei_tietoa,liian_epatarkka,,,,,,
3713368640,summittainen,1961,1000,ennallaan,ei_muutosta,0.67,2009,112,1911,0,0.89
3713383933,alueellinen,1961,100000,ei_tietoa,liian_epatarkka,,,,,,
4023284260,alueellinen,1961,100000,ei_tietoa,liian_epatarkka,,,,,,
3713378379,alueellinen,1960,100000,ei_tietoa,liian_epatarkka,,,,,,
3713383458,alueellinen,1960,100000,ei_tietoa,liian_epatarkka,,,,,,
3713383943,alueellinen,1960,100000,ei_tietoa,liian_epatarkka,,,,,,
3713383981,alueellinen,1960,100000,ei_tietoa,liian_epatarkka,,,,,,
3713383995,alueellinen,1960,100000,ei_tietoa,liian_epatarkka,,,,,,
4023266732,alueellinen,1960,10000,ei_tietoa,liian_epatarkka,,,,,,
4023284214,alueellinen,1960,10000,ei_tietoa,liian_epatarkka,,,,,,
3713378354,alueellinen,1959,100000,ei_tietoa,liian_epatarkka,,,,,,
3713379240,alueellinen,1959,100000,ei_tietoa,liian_epatarkka,,,,,,
3713383926,alueellinen,1959,100000,ei_tietoa,liian_epatarkka,,,,,,
3713383439,alueellinen,1959,50000,ei_tietoa,liian_epatarkka,,,,,,
3713383967,alueellinen,1957,50000,ei_tietoa,liian_epatarkka,,,,,,
3713383977,alueellinen,1957,50000,ei_tietoa,liian_epatarkka,,,,,,
3713380024,alueellinen,1953,50000,ei_tietoa,liian_epatarkka,,,,,,
3713383940,alueellinen,1952,50000,ei_tietoa,liian_epatarkka,,,,,,
3713378432,alueellinen,1952,25000,ei_tietoa,liian_epatarkka,,,,,,
4023284255,summittainen,1945,1000,epavarma,osa_alueesta_muuttunut,0.22,2009,84,1939,0,0.78
4023283793,alueellinen,1945,10000,ei_tietoa,liian_epatarkka,,,,,,
4023283803,alueellinen,1943,10000,ei_tietoa,liian_epatarkka,,,,,,
4023283789,tuntematon,1942,,ei_tietoa,liian_epatarkka,,,,,,
4023283805,summittainen,1942,1000,ulkopuolella,ei_metsatalousmaata,0.57,2009,84,1939,0,0.44
4023283817,alueellinen,1937,10000,ei_tietoa,liian_epatarkka,,,,,,
4023284258,alueellinen,1937,10000,ei_tietoa,liian_epatarkka,,,,,,
3713379901,alueellinen,1936,50000,ei_tietoa,liian_epatarkka,,,,,,
4023284216,alueellinen,1936,10000,ei_tietoa,liian_epatarkka,,,,,,
4023283776,tuntematon,1932,,ei_tietoa,liian_epatarkka,,,,,,
4023283825,alueellinen,1905,25000,ei_tietoa,liian_epatarkka,,,,,,
4023284199,summittainen,1866,1000,epavarma,osa_alueesta_muuttunut,0.33,2009,43,1980,0,0.33
773223808,tuntematon,,,ei_tietoa,liian_epatarkka,,,,,,
773223809,tuntematon,,,ei_tietoa,liian_epatarkka,,,,,,
2249241970,tuntematon,,,ei_tietoa,liian_epatarkka,,,,,,
2249249578,tuntematon,,,ei_tietoa,liian_epatarkka,,,,,,
5235907046,alueellinen,,100000,ei_tietoa,liian_epatarkka,,,,,,
id.herb.oulu.fi/MY.6457290,tarkka,1988,100,epavarma,osa_alueesta_muuttunut,0.22,2009,63,1960,2,0.89
id.herb.oulu.fi/MY.6563022,summittainen,1986,1000,epavarma,osa_alueesta_hakattu,0.11,2009,76,1947,2,0.78
id.herb.oulu.fi/MY.6563041,summittainen,1974,1000,muuttunut,hakattu,0.5,2009,51,1972,2,0.78
id.herb.oulu.fi/MY.6563054,alueellinen,1988,10000,ei_tietoa,liian_epatarkka,,,,,,
id.herb.oulu.fi/MY.8251646,summittainen,1970,1000,muuttunut,kasvusto_havaintoa_nuorempi,0.44,2009,22,2001,0,0.78
id.luomus.fi/MY.3268301,summittainen,1992,1000,ennallaan,ei_muutosta,0.75,2009,96,1927,0,0.89
id.luomus.fi/MY.3268349,tarkka,1932,1,muuttunut,kasvusto_havaintoa_nuorempi,1.0,2009,54,1969,0,1.0
id.luomus.fi/MY.3268388,summittainen,1866,1000,epavarma,osa_alueesta_muuttunut,0.33,2009,43,1980,0,0.33
id.luomus.fi/MY.3270807,summittainen,1996,1000,muuttunut,hakattu,0.38,2009,73,1950,2,1.0
mus.utu.fi/MY.9960406,alueellinen,1960,100000,ei_tietoa,liian_epatarkka,,,,,,
tun.fi/HR.3211/131704250-U,alueellinen,2022,25000,ei_tietoa,liian_epatarkka,,,,,,
tun.fi/HR.3211/178172798-U,alueellinen,2023,25000,ei_tietoa,liian_epatarkka,,,,,,
tun.fi/HR.3211/238113645-U,alueellinen,2024,25000,ei_tietoa,liian_epatarkka,,,,,,
tun.fi/HR.3211/238434034-U,alueellinen,2024,25000,ei_tietoa,liian_epatarkka,,,,,,
tun.fi/HR.3211/239907360-U,tarkka,2024,54,ennallaan,tuore_havainto,1.0,2023,74,1949,0,1.0
tun.fi/HR.3211/253730259-U,alueellinen,2021,25000,ei_tietoa,liian_epatarkka,,,,,,
tun.fi/HR.3211/261562032-U,alueellinen,2020,25000,ei_tietoa,liian_epatarkka,,,,,,
tun.fi/HR.3211/309688703-U,alueellinen,2025,25000,ei_tietoa,liian_epatarkka,,,,,,
tun.fi/HR.3211/311268764-U,alueellinen,2025,25000,ei_tietoa,liian_epatarkka,,,,,,
tun.fi/HR.3211/311270339-U,alueellinen,2025,25000,ei_tietoa,liian_epatarkka,,,,,,
tun.fi/HR.3211/311272595-U,alueellinen,2025,25000,ei_tietoa,liian_epatarkka,,,,,,
tun.fi/HR.3211/311273425-U,alueellinen,2025,25000,ei_tietoa,liian_epatarkka,,,,,,
tun.fi/HR.3211/311273437-U,alueellinen,2025,25000,ei_tietoa,liian_epatarkka,,,,,,
tun.fi/HR.3211/311276833-U,alueellinen,2025,25000,ei_tietoa,liian_epatarkka,,,,,,
tun.fi/HR.3211/311277134-U,alueellinen,2025,25000,ei_tietoa,liian_epatarkka,,,,,,
tun.fi/HR.3211/311277441-U,alueellinen,2025,25000,ei_tietoa,liian_epatarkka,,,,,,
tun.fi/HR.3211/311277937-U,alueellinen,2025,25000,ei_tietoa,liian_epatarkka,,,,,,
tun.fi/HR.3211/311278131-U,alueellinen,2025,25000,ei_tietoa,liian_epatarkka,,,,,,
tun.fi/HR.3211/311279118-U,alueellinen,2025,25000,ei_tietoa,liian_epatarkka,,,,,,
tun.fi/HR.3211/311279358-U,alueellinen,2025,25000,ei_tietoa,liian_epatarkka,,,,,,
tun.fi/HR.3211/311279444-U,alueellinen,2025,25000,ei_tietoa,liian_epatarkka,,,,,,
tun.fi/HR.3211/311279499-U,alueellinen,2025,25000,ei_tietoa,liian_epatarkka,,,,,,
tun.fi/HR.3211/311279623-U,alueellinen,2025,25000,ei_tietoa,liian_epatarkka,,,,,,
tun.fi/HR.3211/311281670-U,alueellinen,2025,25000,ei_tietoa,liian_epatarkka,,,,,,
tun.fi/HR.3211/311396069-U,alueellinen,2025,25000,ei_tietoa,liian_epatarkka,,,,,,
tun.fi/HR.3211/322100750-U,alueellinen,2025,25000,ei_tietoa,liian_epatarkka,,,,,,
tun.fi/HR.3211/392654271-U,tarkka,2026,100,ennallaan,tuore_havainto,0.67,2023,38,1985,0,0.67
tun.fi/HR.3211/395838299-U,alueellinen,2026,25000,ei_tietoa,liian_epatarkka,,,,,,
tun.fi/HR.3211/57323767-U,tarkka,2020,106,epavarma,osa_alueesta_hakattu,0.22,2019,69,1954,2,0.89
tun.fi/HR.3211/58010783-U,alueellinen,2020,25000,ei_tietoa,liian_epatarkka,,,,,,
tun.fi/HR.3211/59494901-U,alueellinen,2020,25000,ei_tietoa,liian_epatarkka,,,,,,
tun.fi/HR.3211/65768139-U,alueellinen,2016,25000,ei_tietoa,liian_epatarkka,,,,,,
tun.fi/HR.5136/2016_228#U,tarkka,2016,1,muuttunut,puusto_nollautunut,0.67,2015,15,2008,0,1.0
tun.fi/JX.1158000#4,tarkka,2020,1,ennallaan,ei_muutosta,1.0,2019,91,1932,0,1.0
tun.fi/JX.1163706#4,summittainen,2007,1000,ulkopuolella,ei_metsatalousmaata,0.78,2009,56,1967,0,0.22
tun.fi/JX.2509680#3,tarkka,2026,1,ennallaan,tuore_havainto,1.0,2023,64,1959,0,1.0
tun.fi/JX.2514170#3,tarkka,2026,1,ennallaan,tuore_havainto,1.0,2023,94,1929,0,1.0
